feature0,feature1,feature2,feature3,feature4,feature5,feature6,True,Pred,Error
28,407,174,3,1,499.828224,0.637536,86.53,62.56629729729728,0.2769409765711628
14,197,10,3,1,3.47704,0.01774,27.5,74.27840540540534,1.7010329238329214
